invoice_number,date,cuin,vendor_name,vendor_address,vendor_contact,po_number,delivery_note_challan_number,sub_total,total_amount,currency,total_tax_amount,goods_services_details,tax_details,tax_id,vat_pin,source_file
266900,09-10-2024,10196450000046000.00,allpack indUStries ltd.,"P.O. Box 3741 - 00506 nyayo stadium, nairobi, kenya","Tel.: (020) 2015680, 2044638, 2014403, 2099007
Mob.; +254 - 722 - 205512, 733 - 601590 ny
Email: info@allpack.co.ke OF",24004602,C132893,,,KES,,"[{'description': 'NDUME SUPERIOR WASHING BAR SOAP 10XiKG', 'quantity': 11600, 'unit_price': 24.61}]","[{'tax_type': 'VAT', 'rate': None, 'amount': None}]",0019791K,P000606242R,ALLPACK 266900.pdf
267249,14-10-2024,10196450000046400.00,allpack indUStries ltd.,"P.O. Box 3741 - 00506 nyayo stadium, nairobi, kenya","Tel.: (020) 2015680, 2044638, 9014403, 2099007
Mob.: +254 - 722 - 905519, 733 - 601590
Email: info@allpack.co.ke",24004602,,138268.36,,KES,32.35,"[{'description': 'DETREX 72 X 80GMS COMBINED VARIANTS 27.89 32.35 138,268.36) WRAPPED/BLUE', 'quantity': 4958, 'unit_price': 27.89}]","[{'tax_type': 'VAT', 'rate': None, 'amount': 32.35}]",0019791K,PO00606249R,ALLPACK 267249.pdf
267709,2024-10-32,10196450000046000.00,allpack indUStries ltd.,"P.O. Box 3741 - 00506 ayayo stadium, nairobi, kenya
P O Box 81927
5 MOMBASA et","Tel.: (020) 2015680, 2044638, 2014403, 2099007
Mob.: +254 - 729 - 905519, 733 - 601590
Email: info@allpack.co.ke",24004602,,4153.29,,KES,,"[{'description': 'ONJA MARGARINE (PREMIUM) EMPTY CARTON 10KG', 'quantity': 518, 'unit_price': 50.11}]","[{'tax_type': 'V.A.T', 'rate': '16%', 'amount': 4153.29}]",0019791K,P000606249R,ALLPACK 267709.pdf
268037,26-10-2024,9019196450000040000.00,allpack indUStries ltd.,"P.O. Box 3741 - 00506 nyayo stadium, nairobi, kenya
Tel.: (020) 2015680, 2044638, 2014403, 2099007
Mob.: +254 - 722 - 205512, 733 - 601590
Email: info@allpack.co.ke","+254 - 722 - 205512, 733 - 601590, info@allpack.co.ke",24004602,,109684.8,,KES,45,"[{'description': 'FG/PWO001/455', 'quantity': 33, 'unit_price': 36.16}, {'description': 'FG/PWO001/455', 'quantity': 3000, 'unit_price': 36.16}]","[{'tax_type': 'VAT', 'rate': None, 'amount': 45}]",0019791K,P000606249R,ALLPACK 268037.pdf
4908,19-10-2024,,ASHUT PLASTICS LIMITED,"HEAD OFFICE NAIROBI BRANCH
MIKINDANI STREET ‘LOKITAUNG ROAD OFF LIKONI ROAD
P.O. BOX 98545, 80100, INDUSTRIAL AREA
MOMBASA P.O. BOX 44669-00100, NAIROBI","+254715370864/+254737552222
customercare@ashut.com, sales@ashut.com",24004592,GRN# : 32413390,,,KES,,"[{'description': 'Fresh Fri Jerry Can 2LT (N)', 'quantity': 10000, 'unit_price': 0}]",[],PO510924 65B,P051897122Z,ASHUT 4908.pdf
4814,07-10-2024,,ASHUT PLASTICS LTD.,"HEAD OFFICE NAIROBI BRANCH
MIKINDANI STREET LOKITAUNG ROAD OFF LIKONI ROAD
P.O. BOX 98545, 80100, INDUSTRIAL AREA
MOMBASA : P.O. BOX 44669-00100, NAIROBI","+254715370864/+254737552222, customercare@ashut.com, sales@ashut.com",24004592,GRN# : 32412730,2982,,KES,,"[{'description': 'Fresh Fri Jerry Can SLT (N)', 'quantity': 2982, 'unit_price': 0}]",[],P051897122Z,P051897122Z,ASHUT IK4814.pdf
4816,07-10-2024,,ASHUT PLASTICS LTD.,"HEAD OFFICE NAIROBI BRANCH
MIKINDANI STREET ‘ LOKITAUNG ROAD OFF LIKONI ROAD
ASHUT P.O. BOX 98545, 80100, INDUSTRIAL AREA
MOMBASA P.O. BOX 44669-00100, NAIROBI","+254715370864/+254737552222; customercare@ashut.com, sales@ashut.com",24004592,GRN# : 32412726,,,KES,,"[{'description': 'Fresh Fri Jerry Can 2LT (N)', 'quantity': 11600, 'unit_price': 0}]",[],P051897122Z,P051897122Z,ASHUT IK4816.pdf
4841,11-10-2024,,ASHUT PLASTICS LTD.,"HEAD OFFICE NAIROBI BRANCH
MIKINDANI STREET LOKITAUNG ROAD OFF LIKONI ROAD
P.O. BOX 98545, 80100, INDUSTRIAL AREA
MOMBASA P.O. BOX 44669-00100, NAIROBI","+254715370864/+254737552222
customercare@ashut.com, sales@ashut.com",24004592,GRN# : 32413056,,,KES,,"[{'description': 'Fresh Fri Jerry Can 5LT (N) Rl', 'quantity': None, 'unit_price': 0}]",[],,P051 897122Z,ASHUT IK4841.pdf
4862,16-10-2024,,Ashut Plastics limited,"HEAD OFFICE
MIKINDANI STREET
P.O. BOX 98545, 80100, INDUSTRIAL AREA
MOMBASA
P.O. BOX 44669-00100, NAIROBI","+254715370864/+254737552222
customercare@ashut.com, sales@ashut.com",24004592,GRN# : 32413267,,,KES,,"[{'description': 'Fresh Fri Jerrycan 500ML -Type B', 'quantity': 9750, 'unit_price': 0}, {'description': 'Fresh Fri Jerry Can 1LT Type B', 'quantity': 14952, 'unit_price': 0}]",[],,P051897122Z,ASHUT IK4862.pdf
BP2/SI/OO6986/2024,25-10-2024,10193320000070700.00,BLOWPLAST LIMITED,"PO BOX : 19029-00500, Phy Address: Kuich Road, OF Mombasa
Read, Kutch Road., Miclonge town, Machakas, Kenya.","Tel » 202107 197
Fax  ; 254-020-565358
Email : adming@blawplastkenya.com",24004593,BPZIDNOTOOT24 42024,1786.4,12951.4,KES,,"[{'description': '20LTRPWAN! pant 20LTR 100CM140CM* GUNIA', 'quantity': 154, 'unit_price': 72.5}]",[],PQ51108549D,G103156A,BLOW  6986.pdf
BP2/SL0069235/2024,23-10-2024,OOTOIBaS200N00704a8,Blowplast LIMITED,"PO BOX: 19029-00500, Phy Address: Kutch Road, Off Mombasa Road, Kuich Road., Miolonge town, Machakes, Kenya.","Tel - 202107197
Fax ; 284-020-585368
Email : admin@blowplastkenya.com",24004693,BPAIDNOTIO07187\2024,579150,671814,KES,92664,"[{'description': 'S07SSS/E-HlG SPOUT BASE IND. SKY BLUE CAP WITH ~~ oe eel ASSEMBLE- MEASURING JAR TOP CAP LIGHT SKY', 'quantity': 11880, 'unit_price': 8.29}, {'description': '', 'quantity': 11880, 'unit_price': 40.46}]","[{'tax_type': 'VAT OUTPUT', 'rate': '16%', 'amount': 92664.0}]",POS1108549,0103 158A,BLOW 6935.pdf
SU006S48/2024,24-10-2024,GO10193320000070558,Pwanl Oil Products Lid( Dr,"P.O, BOX 81927, MOMBASA-MALINDI ROAD, KILIFI TOVYN, KILIFI-000, Kenya.","+254-41-2496554) 2484766
Office Cells +254 734 495563
+254 722 207826",24004593,BPAONOTOT200K0004,345748,366267.68,KES,50519.68,"[{'description': 'R-BLU  20LTR BUNG CAP BLUE WITH RING.', 'quantity': 1844, 'unit_price': 0}, {'description': '61207312-PLAIN', 'quantity': 1844, 'unit_price': 0}]","[{'tax_type': 'VAT OUTPUT', 'rate': '16%', 'amount': 50519.68}]",1031568,PO&1Og2Ta5B,BLOW 6948.pdf
BP2ISVOCESSTIZ024,26-10-2024,10193320000070700.00,BLOWPLAST LIMITED,"PO BOX : 19029-00500, Phy Address: Kutch Road, Of Mombasa
Road, Kutch Road., Miolonge town, Machakos, Kenya.","Tel » 202107 197
Fax  : 264.020-855368
Email : admin@blowplastkenya.com",24004593,BP2ADNOM07243\2024,488958,219191.28,KES,30233.28,"[{'description': '20LTR BUNG CAP BLUE WITH RING. gd 00 Pe', 'quantity': 8, 'unit_price': 8.0}, {'description': '27 LTR ROUND B00GMS L.WPLAIN J/CAN', 'quantity': 924, 'unit_price': 196.8}]","[{'tax_type': 'VAT OUTPUT', 'rate': '16%', 'amount': 30233.28}]",1031564,PaSt108s4eD,BLOW 6987.pdf
BPIISHON7TOORI2004,25-10-2024,KRAWWVO01202203019332,BLOW OLAST LIMITED,"PO BOX : 19029-00500, Phy Address: Kutch Road, Off Mombasa lvaice Ne _ BPIISHON7TOORI2004
Read, Kutch Road., Miclonge town, Machalees, Kenya.","Tel » 202107 197
Fax : 254-020. 555358
Email: admin@blowplastkenya.cort",24004593,BP2IDNOTIOO728 7.2024,904286,352983.36,KES,43087.36,"[{'description': '20LTRBUNGCAPBLUEWITHRING.', 'quantity': 1488, 'unit_price': 0}, {'description': 'BO0GMS', 'quantity': 1486, 'unit_price': 196.5}]","[{'tax_type': 'VAT OUTPUT', 'rate': '16%', 'amount': 43087.36}]",1031564,POSTOG21@58,BLOW 7008.pdf
84643,2024-01-40,KRAMWO19292298192574,Coast Industrial & Safety Supplies Ltd,"P.O. BOX 80830, MOMBASA 80100 - KENYA","TEL: +254 (0)41 2496076/7
CDMA: + 254 (0)20 2040322, 2040323
CELL: + 254 771 429576
Email: sales@cissl.co.ke",24004482,98284,1600,1856,KES,256,"[{'description': 'BOLT (SEAL) CUTTER SIZE 36', 'quantity': 1, 'unit_price': 1600.0}]","[{'tax_type': 'VAT', 'rate': '16%', 'amount': 256.0}]",0132903 N,P051155275D,COAST INDUSTRIAL 084643.pdf
84648,03-10-2024,KRAMN0192522598192579,Coast Industrial & Safety Supplies Ltd,"P.O. BOX 80830, MOMBASA 80100 - KENYA","+254 (0)41 2496076/7, CELL: +254 (0)724 695 292, (0)735 992999, EMAIL: sales@cissl.co.ke",24004491,98282,63410,79355.6,KES,,"[{'description': 'HACK SAW FRAME', 'quantity': 1, 'unit_price': 1600.0}, {'description': 'LONG NOSE CHISEL BULL POINT AND COLD (CROSS CUT CHISEL 125MM GERMANY)', 'quantity': 1, 'unit_price': 460.0}, {'description': 'PIPE WRENCH 12” (ECLIPSE)', 'quantity': 1, 'unit_price': 1650.0}, {'description': 'SCREW DRIVER FLAT 8"" (HARDEN)', 'quantity': 1, 'unit_price': 200.0}, {'description': 'STANDARD ALLEN KEY 12MM', 'quantity': 1, 'unit_price': 500.0}, {'description': 'COMBINED SPANNERS 6-32 HEYCO', 'quantity': 1, 'unit_price': 31500.0}, {'description': 'DOUBLE OPEN FIXED SPANNER 6-32 KENNEDY', 'quantity': 1, 'unit_price': 10150.0}, {'description': 'DOUBLE RING SPANNER 6-32 KENNEDY', 'quantity': 1, 'unit_price': 18400.0}, {'description': 'LONG NOSE CIRCLIP PLIERS INTERNAL BEND 7? (HARDEN)', 'quantity': 1, 'unit_price': 750.0}, {'description': 'LONG NOSE CIRCLIP PLIERS INTERNAL STRAIGHT 7"" (KENNEDY)', 'quantity': 1, 'unit_price': 750.0}, {'description': 'LONG NOSE CIRCLIP PLIERS EXTERNAL STRAIGHT 7""(KENNEDY)', 'quantity': 1, 'unit_price': 750.0}, {'description': 'LONG NOSE CIRCLIP PLIERS EXTERNAL BEND 7"" (KENNEDY)', 'quantity': 1, 'unit_price': 750.0}, {'description': '9PC LONG ALLEN KEYS IMPERIAL 1/6-3/8', 'quantity': 1, 'unit_price': 950.0}]","[{'tax_type': 'VAT', 'rate': '16%', 'amount': None}]",0132903 N,P051155275D,COAST INDUSTRIAL 084648.pdf
84655,10-07-2024,KRAMN019292298192579,Coast Industrial & Safety Supplies Ltd,"P.O. BOX 80830, MOMBASA 80100 - KENYA","+254 (0)41 2496076/7, CELL: +254 (0)724 695 292, (0)735 992999, EMAIL: sales@cissl.co.ke",24004668,98303,13509.09,15660,KES,2160,"[{'description': 'M12 GI KEPS NUT', 'quantity': 270, 'unit_price': 50.0}]","[{'tax_type': 'VAT', 'rate': '16%', 'amount': 2160.0}]",0132903 N,P051155275D,COAST INDUSTRIAL 084655.pdf
134410,06-08-2024,KRAMWO19202208097777,Frigitec Supplies Ltd,"Gedion Rhimba Road, Mombasa
P.O. BOX 2380 - 80100 MOMBASA, KENYA","TEL: 254. - 41- 2228625 / 2311562 / 2227402
CELL: +254 - 721 786 440 / +254733 786 440
Email: sales@frigitec.net",24003596,,17241.38,20000,KES,2758,"[{'description': 'FPRIGIGAS R22 PB', 'quantity': None, 'unit_price': None}]","[{'tax_type': 'VAT', 'rate': '16%', 'amount': 2758.0}]",0022503C,P051096565L,FRIGITEC INV134410.pdf
134506,10-08-2024,190977770000011000.00,Frigitec Supplies Ltd,"Gedion Rhimba Road, Mombasa
P.O. BOX 2380 - 80100 MOMBASA, KENYA","TEL: 254 - 41- 2228625 / 2311562 / 2227402
CELL: +254 - 721 786 440 / +254733 786 440
Email: sales@frigitec.net",24003670,GRN# : 424001765,179000,207640,KES,28640,"[{'description': 'LASER STAINLESS STEEL ELECTRODES L316 - 2.50mi', 'quantity': 60, 'unit_price': 0}, {'description': 'LASER MILD STEEL ELECTRODES Ladi ~ 250mm', 'quantity': 100, 'unit_price': 0}]","[{'tax_type': 'VAT', 'rate': None, 'amount': 28640.0}]",0022503C,P051096565L,FRIGITEC INV134506.pdf
134513,12-08-2024,KRAMWO19202208097777,Frigitec Supplies Ltd,"Gedion Rhimba Road, Mombasa
i P.O. BOX 2380 - 80100 MOMBASA, KENYA","TEL: 254 - 41- 2228625 / 2311562 / 2227402 / 2227402
CELL: +254 - 721 786 440 / +254733 786 440
Email: sales@frigitec.net",24003803,GRN# : 424001815,20300,20300,KES,2800,"[{'description': 'STAINLESS STEEL CORRUGATED HOSE 1/2"" Song z ~ 48,000.00 O.IMTRS C/W FITTINGS .', 'quantity': None, 'unit_price': 0}, {'description': 'VALVE REPAIR Clavel ( See) : : 2,800.00', 'quantity': None, 'unit_price': 0}, {'description': 'fittings eat: Each', 'quantity': 3, 'unit_price': 0}]","[{'tax_type': 'VAT', 'rate': None, 'amount': 2800.0}]",0022503C,P051096565L,FRIGITEC INV134513.pdf
134629,19-08-2024,190977770000011000.00,Frigitec Supplies Ltd,"Gedion Rhimba Road, Mombasa
P.O. BOX 2380 - 80100 MOMBASA, KENYA","TEL: 254 - 41- 2228625 / 2311562 / 2227402
CELL: +254 - 721 786 440 / +254733 786 440
Email: sales@frigitec.net",24003826,GRN# : 424001836,35000,40600,KES,5600,"[{'description': 'MS Welding Electrodes 3.2 mm', 'quantity': 100, 'unit_price': 0}]","[{'tax_type': 'VAT', 'rate': None, 'amount': 5600.0}]",0022503C,P051096565L,FRIGITEC INV134629.pdf
134727,23-08-2024,KRAMWO19202208097777,Frigitec Supplies Ltd,"Gedion Rhimba Road, Mombasa
P.O. BOX 2380 - 80100 MOMBASA, KENYA","TEL: 254 - 41- 2228625 / 2311562 / 2227402
CELL: +254 - 721 786 440 / +254733 786 440
Email: sales@frigitec.net",24003905,GRN# : 424001901,25000,29600,KES,4000,"[{'description': 'CRANKCASE HEATER 34321904', 'quantity': 5, 'unit_price': 25800.0}, {'description': 'Crankcase heater T+H 123036 HLPR 10.11 200 to 260 V, dia =11 mm, length _N Expense Item =161mm Each', 'quantity': 1, 'unit_price': 0.0}]","[{'tax_type': 'VAT', 'rate': '16%', 'amount': 4000.0}]",0022503C,P051096565L,FRIGITEC INV134727.pdf
126757,16-10-2024,110664780000022000.00,JALARAM INDUSTRIAL SUPPLIERS LTD.,"AGA KHAN
ROAD
NEAR BLOOD CENTRE
P. O. Box 97044 - 80112, MOMBASA","Tel : 041 2314147, 041 2223422
: 041 2314518, 041 2315013
Mobile : 0723 338476, 0735 338478
: 0794 895749/50, 0731 768851
E-mail . : info@jalaramkenya.com",24004829,,10200,11832,KES,1632,"[{'description': 'Black Gasket Maker', 'quantity': 60, 'unit_price': 170.0}]","[{'tax_type': 'Output Vat', 'rate': None, 'amount': 1632.0}]",27266,P 051107439 Y,JALARAM 126757.pdf
126772,16-10-2024,110664780000022000.00,JALARAM INDUSTRIAL SUPPLIERS LTD.,"AGA KHAN ROAD
NEAR BLOOD CENTRE
P. 0. Box 97044 - 80112, MOMBASA","Tel : 041 2314147, 041 2223422 : 041 2314518, 041 2315013
Mobile : 0723 338478, 0735 338478 : 0794 895749/50, 0731 768851
E-mail : info@jalaramkenya.com",24004735,,63050,73138,KES,10088,"[{'description': ""Hdpe Elbow 2'"", 'quantity': 15, 'unit_price': 900.0}, {'description': 'Hdpe Elbow 4""', 'quantity': 12, 'unit_price': 3000.0}, {'description': 'Hdpe Reducer 4"" x 3""', 'quantity': 1, 'unit_price': 5150.0}, {'description': 'Hdpe Female Valve Socket 2""', 'quantity': 4, 'unit_price': 600.0}, {'description': 'Hdpe Male Valve Socket 2""', 'quantity': 10, 'unit_price': 600.0}]","[{'tax_type': 'Output Vat', 'rate': None, 'amount': 10088.0}]",27266,P 051107439 Y,JALARAM 126772.pdf
126861,18-10-2024,110664780000022000.00,JALARAM INDUSTRIAL SUPPLIERS LTD.,"AGA KHAN ROAD
NEAR BLOOD CENTRE
P.O. Box 97044 - 80112, MOMBASA","Tel : 041 2314147, 041 2223422, 041 2314518, 041 2315013
Mobile : 0723 338478, 0735 338478, 0794 895749/50, 0731 768851
E-mail : info@jalaramkenya.com",24004735,,37900,43964,KES,6064,"[{'description': 'Hdpe Elbow 4""', 'quantity': 8, 'unit_price': 3000.0}, {'description': 'Hdpe Reducer 4"" x 3""', 'quantity': 2, 'unit_price': 5150.0}, {'description': 'Hdpe Female Valve Socket 2""', 'quantity': 6, 'unit_price': 600.0}]","[{'tax_type': 'VAT', 'rate': '16%', 'amount': 6064.0}]",27266,P 051107439 Y,JALARAM 126861.pdf
126883,19-10-2024,,JALARAM INDUSTRIAL SUPPLIERS LTD.,"AGA KHAN ROAD
NEAR BLOOD CENTRE
P. O. Box 97044 - 80112, MOMBASA","Tel : 041 2314147, 041 2223422
: 041 2314518, 041 2315013
Mobile : 0723 338478, 0735 338478
: 0794 895749/50, 0731 768851
E-mail : info@jalaramkenya.com",24004968,,650,754,KES,104,"[{'description': 'Simplex Connecting Link Aps', 'quantity': 5, 'unit_price': 130.0}]","[{'tax_type': 'Output Vat', 'rate': None, 'amount': 104.0}]",27266,P 051107439 Y,JALARAM 126883.pdf
126994,23-10-2024,P051092185B,JALARAM INDUSTRIAL SUPPLIERS LTD.,"AGA KHAN ROAD
P. O. Box 97044 - 80112, MOMBASA","0794 895749/50, 0731 768851
E-mail : info@jalaramkenya.com
Tel : 041 2314147, 041 2223422
041 2314518, 041 2315013
Mobile : 0723 338478, 0735 338478",24004935,"P-0. Box 27086-80112, MOMBASA",65700,76212,KES,10512,"[{'description': 'Double TT Spray', 'quantity': 48, 'unit_price': 450.0}, {'description': 'Webbing Tape 2""', 'quantity': 15, 'unit_price': 2800.0}, {'description': 'Bolt/Nut 14 x 40mm', 'quantity': 60, 'unit_price': 35.0}]","[{'tax_type': 'Output Vat', 'rate': None, 'amount': 10512.0}]",27266,P 051107439 Y,JALARAM 126994.pdf
120667,29-04-2024,9110161960000000000.00,KOBIAN KENYA LIMITED,"KOBIAN HOUSE,MOMBASA ROAD
P.O. BOX 46617- NAIROBI 00100 GPO","Office Line:0202161265/6
Cell Phone: 0723888006 0786888006
sales@kobianscientific.com",24001844,120667,31000,35960,KES,4960,"[{'description': 'Petroleum Spirit ACS Reagent,40-60°C,90+%-2.5L', 'quantity': 2, 'unit_price': 3450.0}, {'description': 'Acetic Acid Glacial Extra Pure,99.5%-2.5L', 'quantity': 2, 'unit_price': 2100.0}, {'description': '2,2,4-Trimethylpentane(Isooctane),99.5+%(GC)-2.5L', 'quantity': 2, 'unit_price': 6000.0}, {'description': 'Acetone Puriss.p.a.,ACS Reagent,99.5+%(GC)-2.5L', 'quantity': 2, 'unit_price': 2400.0}, {'description': 'Hydrochloric Acid Extra Pure,35%-2.5L', 'quantity': 1, 'unit_price': 1300.0}, {'description': 'Sulphuric Acid Extra Pure,98%-2.5L', 'quantity': 1, 'unit_price': 1800.0}]","[{'tax_type': 'VAT', 'rate': '16%', 'amount': 4960.0}]",P051092185B,P0006118530,KOBIAN 120667.pdf
121333,15-07-2024,9110161960000000000.00,KOBIAN KENYA LIMITED,"KOBIAN HOUSE,MOMBASA ROAD
P.O. BOX 46617- NAIROBI 00100 GPO","Office Line:0202161265/6
Cell Phone: 0723888006 0786888006
sales@kobianscientific.com",24003149,121333,18000,20880,KES,2880,"[{'description': 'Buffer Sol pH 4.0(20°C),Red Colored-1L', 'quantity': 2, 'unit_price': 3000.0}, {'description': 'Buffer Sol pH 7.0(20°C),Green Colored-1L', 'quantity': 2, 'unit_price': 3000.0}, {'description': 'Buffer Sol pH 10.0(20°C), Violet Colored-1L', 'quantity': 2, 'unit_price': 3000.0}]","[{'tax_type': 'VAT', 'rate': '16%', 'amount': 2880.0}]",P051092185B,P0006118530,KOBIAN 121333.pdf
122061,01-10-2024,9110161960000000000.00,KOBIAN KENYA LIMITED,"KOBIAN HOUSE ,MOMBASA ROAD
P.O. BOX 46617- NAIROBI 00100 GPO","Office Line:0202161265/6
Cell Phone: 0723888006 0786888006
sales@kobianscientific.com",24004326,122061,26700,30972,KES,4272,"[{'description': 'Conical flask Graduated 29/32,250ml - 1pcs', 'quantity': 3, 'unit_price': 3150}, {'description': 'Quickfit Glass Stopper Ends Closed 29/32-1pcs', 'quantity': 3, 'unit_price': 1150}, {'description': 'Conical flask Graduated 29/32,500ml - 1pcs', 'quantity': 3, 'unit_price': 3450}, {'description': 'Quickfit Glass Stopper Ends Closed 29/32-1pcs', 'quantity': 3, 'unit_price': 1150}]","[{'tax_type': 'VAT', 'rate': '16%', 'amount': 4272}]",P0006118530,P0006118530,KOBIAN 122061.pdf
122075,03-10-2024,9110161960000000000.00,KOBIAN KENYA LIMITED,"KOBIAN HOUSE,MOMBASA ROAD
P.O. BOX 46617- NAIROBI 00100 GPO","Office Line:0202161265/6
Cell Phone: 0723888006 0786888006
sales@kobianscientific.com",24004618,122075,174000,201840,KES,27840,"[{'description': 'Lovibond Glass Cuvette W600/B/5 1/4""-1pcs', 'quantity': 2, 'unit_price': 39000.0}, {'description': 'Halogen Lamp 230V-1pes', 'quantity': 2, 'unit_price': 48000.0}]","[{'tax_type': 'VAT', 'rate': '16%', 'amount': 12480.0}, {'tax_type': 'VAT', 'rate': '16%', 'amount': 15360.0}]",P0006118530,P051092185B,KOBIAN 122075.pdf
122076,03-10-2024,914 10161960000007169,KOBIAN KENYA LIMITED,"KOBIAN HOUSE,MOMBASA ROAD
P.O. BOX 46617- NAIROBI 00100 GPO","Office Line0202161265/6
Cell Phone: 0723888006 0786888006
sales@kobianscientific.com",24004642,122076,3500,4060,KES,560,"[{'description': 'Dropping Bottle with Pipette, 100mI-1pcs', 'quantity': 2, 'unit_price': 1750.0}]","[{'tax_type': 'VAT', 'rate': '16%', 'amount': 560.0}]",P0006118530,P0006118530,KOBIAN 122076.pdf
36679,16-10-2024,KRAMW011202201016630,SHREEJI CHEMICALS LTD.,"Head Office: Nairobi: Shreeji House, Shreeji Road, Off Airport North Rd, Embakasi, P. O. Box 18291-00500, Nairobi, Kenya.
Works: Nairobi: Wireless Tel: 020- 210 6759, 020- 210 6762, 020- 210 6771, Fax: 020 - 210 6755, Mlololongo, Nairobi Mombasa Road,
Works: Mombasa: P.O. Box 94007-80100, Mombasa, Miritini Area, Mombasa-Nairobi Highway","+254 20 682 4152 / 153, Mobile: 0734 330033 / 0722 203281, Fax: +254 20 682 4007",24004663,SCL MRKN 005781,831430,964458.8,KES,133028.8,"[{'description': 'SALES - SODIUM SILICATE LIQUID', 'quantity': 500, 'unit_price': 0}]","[{'tax_type': 'VAT', 'rate': None, 'amount': 133028.8}]",P051317393N,P051317393N,LS-36679.pdf
36713,22-10-2024,KRAMW011202201016630,SHREEJI CHEMICALS LTD.,"Head Office: Nairobi: Shreeji House, Shreeji Road, Off Airport North Rd, Embakasi, P. O. Box 18291-00500, Nairobi, Kenya.
Works: Nairobi: Wireless Tel: 020- 210 6759, 020- 210 6762, 020- 210 6771, Fax: 020 - 210 6755, Mlololongo, Nairobi Mombasa Road,
Works: Mombasa: P.O. Box 94007-80100, Mombasa, Miritini Area, Mombasa-Nairobi Highway
P. 0. Box 26 - 80113
Head Office: Nairobi: Shreeji House, Shreeji Road, Off Airport North Rd, Embakasi, P. 0. Box 18291-500, Nairobi, Kenya.
Works: Nairobi: Wireless Tel: +254 114516736, Email: info@shreejichemical.com, Mlolongo, Nairobi Mombasa Road,
Works: Mombasa: P.O. Box 26-80113, Mariakani - Kaloleni Road Kadzonzo, Mariakani Kilifi County","Telephone: +254 20 682 41527/ 153, Mobile: 0734 330033 / 0722 203281, Fax: +254 20 682 4007; Wireless Tel: 020-2320319/22, +254-709 921000, +254-717431379 Email: info@shreejichemical.com",0,SCL MRKN 005706,823500,955260,KES,131760,"[{'description': 'SALES - SODIUM SILICATE LIQUID', 'quantity': 27, 'unit_price': 0}]","[{'tax_type': 'V.A.T.', 'rate': None, 'amount': 131760.0}]",P051317393N,P051317393N,LS-36713.pdf
36715,22-10-2024,KRAMW011202201016630,SHREEJI CHEMICALS LTD.,"Head Office: Nairobi: Shreeji House, Shreeji Road, Off Airport North Rd, Embakasi, P. O. Box 18291-00500, Nairobi, Kenya.
Telephone: +254 20 682 4152 / 153, Mobile: 0734 330033 / 0722 203281, Fax: +254 20 682 4007
Works: Nairobi: Wireless Tel: 020- 210 6759, 020- 210 6762, 020- 210 6771, Fax: 020 - 210 6755, Mlololongo, Nairobi Mombasa Road,
Works: Mombasa: P.O. Box 94007-80100, Mombasa, Miritini Area, Mombasa-Nairobi Highway","+254 20 682 4152 / 153, 0734 330033 / 0722 203281, Fax: +254 20 682 4007, Email: info@shreejichemical.com",,SCL MRKN 005794,831430,964458.8,KES,133028.8,"[{'description': 'SALES - SODIUM SILICATE LIQUID', 'quantity': 27, 'unit_price': 831430.0}]","[{'tax_type': 'V.A.T.', 'rate': None, 'amount': 133028.8}]",P051317393N,P051317393N,LS-36715.pdf
36719,22-10-2024,KRAMWOi 1202201016630,SHREEJI CHEMICALS LTD.,"Head Office: Nairobi: Shreeji House, Shreeji Road, Off Airport North Rd, Embakasi, P. O. Box 18291-00500, Nairobi, Kenya.
Telephone: +254 20 682 4152 / 153, Mobile: 0734 330033 / 0722 203281, Fax: +254 20 682 4007
Works: Nairobi: Wireless Tel: 020- 210 6759, 020- 210 6762, 020- 210 6771, Fax: 020 - 210 6755, Mlololongo, Nairobi Mombasa Road,
Works: Mombasa: P.O. Box 94007-80100, Mombasa, Miritini Area, Mombasa-Nairobi Highway
Works: Mombasa: P.O. Box 26-80113, Mariakani - Kaloleni Road Kadzonzo, Mariakani Kilifi County
Wireless Tel: 020-2320319/22, +254-709 921000, +254-717431379","+254 20 682 4152 / 153, Mobile: 0734 330033 / 0722 203281, Fax: +254 20 682 4007, Email: info@shreejichemical.com",,SCL MRKN 005701,808250,937570,KES,129320,"[{'description': '26.50 SALES - SODIUM SILICATE LIQUID', 'quantity': 26, 'unit_price': 0}]","[{'tax_type': 'VAT', 'rate': None, 'amount': 129320.0}]",P051317393N,P051317393N,LS-36719.pdf
36720,22-10-2024,KRAMW01 7202201016630,SHREEJI CHEMICALS LTD.,"Head Office: Nairobi: Shreeji House, Shreeji Road, Off Airport North Rd, Embakasi, P. O. Box 18291-00500, Nairobi, Kenya.
Telephone: +254 20 682 4152 / 153, Mobile: 0734 330033 / 0722 203281, Fax: +254 20 682 4007
Works: Nairobi: Wireless Tel: 020- 210 6759, 020- 210 6762, 020- 210 6771, Fax: 020 - 210 6755, Mlololongo, Nairobi Mombasa Road,
Works: Mombasa: P.O. Box 94007-80100, Mombasa, Miritini Area, Mombasa-Nairobi Highway
Works: Nairobi: Wireless Tel: +254 114516736, Email: info@shreejichemical. com, Mlolongo, Nairobi Mombasa Road,
Works: Mombasa: P.O. Box 26-80113, Mariakani - Kaloleni Road Kadzonzo, Mariakani Kilifi County
Wireless Tel: 020-2320319/22, +254- 709 921000, +254-717431379 Email: info@shreejicherical. com","+254 20 682 4152 / 153, 0734 330033 / 0722 203281, Fax: +254 20 682 4007, +254 114516736, info@shreejichemical. com, 020-2320319/22, +254- 709 921000, +254-717431379, info@shreejicherical. com",74331,SCL MRKN 005796,854000,990640,KES,136640,"[{'description': 'SALES - SODIUM SILICATE LIQUID', 'quantity': 28, 'unit_price': 0}]","[{'tax_type': 'V.A.T.', 'rate': None, 'amount': 136640.0}]",P051317393N,P051317393N,LS-36720.pdf
68135,01-10-2024,190276280000014000.00,MEGA PACK (K) LTD,"Stanley Mathenge Road, Industrial Area
P.O Box 3204 - 20100 Nakuru, Kenya",+254 73 7839008/703833954/700781800 | megapack@megaspingroup.com,24004078,1016852,117573.81,117573.81,KES,16217.08,"[{'description': 'PWANI - DIVA 24X200G (COMBINED VARIANTS)', 'quantity': 28, 'unit_price': 28460}, {'description': 'PWANI - WHITE WASH 12X800G GRADE 1', 'quantity': 31, 'unit_price': 31510}, {'description': 'WhiteWash Carton 800GMx12(Combined 24004078', 'quantity': 2131, 'unit_price': 0}]","[{'tax_type': 'VAT', 'rate': None, 'amount': 16217.08}]",P051237141X,P051237141X,MEGA PACK 68135.pdf
68294,07-10-2024,190276280000014000.00,MEGA PACK (K) LTD,"Stanley Mathenge Road, Industrial Area
P.O Box 3204 - 20100 Nakuru, Kenya",+254 73 7839008/703833954/700781800 | megapack@megaspingroup.com,24004603,38330,1614907.54,1873292.75,KES,258385.21,"[{'description': 'PWANI - FRESHFRY 12X1LT PCS 382 X 25 & 18 PCS', 'quantity': 9568, 'unit_price': 61.77}, {'description': 'PWANI - FRESH FRY 4X5LTRS WITH LF + SF PCS 0.0000 a', 'quantity': 0, 'unit_price': 0}, {'description': 'PWANI - FRESH FRY 4X5LTRS BOX PCS /|495 X 25 & 19 PCS', 'quantity': 12394, 'unit_price': 65.59}, {'description': 'PWANI - FRESH FRY 4XS5LTRS SF PCS 123 X 100 & 94 PC', 'quantity': 12394, 'unit_price': 6.11}, {'description': 'PWANI - FRESH FRY 4X5LTRS LF PCS 123 X 100 & 94 Pt', 'quantity': 12394, 'unit_price': 10.27}, {'description': 'PWANI - FRESHFRY 12X500MI. Pcs 8 X 25 PCS', 'quantity': 200, 'unit_price': 39.78}]","[{'tax_type': 'V.A.T', 'rate': None, 'amount': 258385.21}]",P051237141x,P051237141x,MEGA PACK 68294.pdf
68585,18-10-2024,190276280000014000.00,PWANI OIL PRODUCTS LTD,"Tel: 0709294000
Mobile: 0709294000
Email: procurement@pwani.net","Tel: 0709294000
Mobile: 0709294000
Email: procurement@pwani.net",24004603,gon7g0z_,660225.28,765861.32,KES,105636.04,"[{'description': 'PWANI - WHITE WASH 10X1KGS', 'quantity': 4991, 'unit_price': 36.03}, {'description': 'PWANI - WHITE WASH 48X175G', 'quantity': 15000, 'unit_price': 32.01}]","[{'tax_type': 'V.A.T', 'rate': None, 'amount': 105636.04}]",P051237141X,P051092185B,MEGA PACK 68585.pdf
109185,05-07-2024,KRAMW01 1202206039672,Sanpac Africa Ltd,"P O Box 20496 - 00200 Nairobi, Kenya
P O Box 87025 - 80100 Mombasa, Kenya","+254 (0)20 2112100/1/2/3, +254 (0)733 201 338, (0)722 201 338, (0)756 201 338
Email: sansales@sanpac.com",24002984,45556,316710,367383.6,KES,50673.6,"[{'description': 'Round Jerryean Yellow 20ltr 800gms', 'quantity': 1530, 'unit_price': 185.7}, {'description': 'Bung Cap & Gasket Sky Blue 10/20ltr', 'quantity': 1530, 'unit_price': 5.3}, {'description': 'Woven Bags for 20ltr 95 x 135', 'quantity': 255, 'unit_price': 96.0}]","[{'tax_type': 'Value Added Tax', 'rate': '16%', 'amount': 50673.6}]",P0005943160,P051092185B,SANPAC MA109185.pdf
109188,05-07-2024,KRAMWO1 1202206039672,Sanpac Africa Limited,"P O Box 20496 - 00200 Nairobi, Kenya
P O Box 87025 - 80100 Mombasa, Kenya","Tel: +254 (0)20 2112100/1/2/3
Cell : +254 (0)733 201 338, (0)722 201 338, (0)756 201 338
Email: sansales@sanpac.com",24002984,45562,199962,231955.92,KES,31993.92,"[{'description': 'Round Jerrycan Yellow 20itr 800gms', 'quantity': 966, 'unit_price': 185.7}, {'description': 'Bung Cap & Gasket Sky Blue 10/20ltr', 'quantity': 966, 'unit_price': 5.3}, {'description': 'Woven Bags for 20Itr 95 x 135', 'quantity': 16, 'unit_price': 96.0}]","[{'tax_type': 'VAT', 'rate': '16%', 'amount': 31993.92}]",P0005943160,P051092185B,SANPAC MA109188.pdf
109229,10-07-2024,KRAMWO1 1202206039672,Sanpac Africa Ltd,"P O Box 20496 - 00200 Nairobi, Kenya
P O Box 87025 - 80100 Mombasa, Kenya","+254 (0)20 2112100/1/2/3, +254 (0)733 201 338, (0)722 201 338, (0)756 201 338
Email: sansales @ sanpac.com",24002984,45678,319194,370265.04,KES,51071.04,"[{'description': 'Round Jerrycan Yellow 20ltr 800gms', 'quantity': 1542, 'unit_price': 185.7}, {'description': 'Bung Cap & Gasket Sky Blue 10/20ltr', 'quantity': 1542, 'unit_price': 5.3}, {'description': 'Woven Bags for 20ltr 95 x 135', 'quantity': 257, 'unit_price': 96.0}]","[{'tax_type': 'Value Added Tax', 'rate': '16.00%', 'amount': 51071.04}]",P051092185B,70510921858,SANPAC MA109229.pdf
109250,15-07-2024,KRAMW01 1202206039672,Sanpac Africa Limited,"P O Box 20496 - 00200 Nairobi, Kenya
P O Box 87025 - 80100 Mombasa, Kenya","Tel: +254 (0)20 2112100/1/2/3
Cell : +254 (0)733 201 338, (0)722 201 338, (0)756 201 338
Email: sansales @sanpac.com",24002984,45782,452088,524422.08,KES,72334.08,"[{'description': 'Round Jerrycan Yellow 2oitr 808gms', 'quantity': 2184, 'unit_price': 185.7}, {'description': 'Bung Cap & Gasket Sky Blue', 'quantity': 2184, 'unit_price': 5.3}, {'description': 'Woven Bags for 20Itr 95 x 135', 'quantity': 864, 'unit_price': 96.0}]","[{'tax_type': 'Value Added Tax', 'rate': '16%', 'amount': 72334.08}]",P0005943160,P0005943160,SANPAC MA109250.pdf
109305,27-07-2024,KRAMW01 1202206039672,Sanpac Africa Ltd,"P O Box 20496 - 00200 Nairobi, Kenya
P O Box 87025 - 80100 Mombasa, Kenya","+254 (0)20 2112100/1/2/3, +254 (0)733 201 338, (0)722 201 338, (0)756 201 338
Email: sansales @ sanpac.com",24002984,46046,568980,660016.8,KES,91036.8,"[{'description': 'Round Jerryean Yellow 10ltr', 'quantity': 4360, 'unit_price': 118.8}, {'description': 'Bung Cap & Gasket Sky Blue', 'quantity': 4360, 'unit_price': 5.3}, {'description': 'Woven Bags for 10ltr', 'quantity': 4360, 'unit_price': 64.0}]","[{'tax_type': 'Value Added Tax', 'rate': '16%', 'amount': 91036.8}]",P0005943160,P051092185B,SANPAC MA109305.pdf
100089756,07-10-2024,KRAMWOT 1202206039289,SYNERGY GASES (K) LTD,"P.O. Box 83225-80100 Mombasa, Kenya
SYNERGY GASES (K) LIMITED
DELIVERY NOTE P.O. BOX 83225 80100 MOMBASA KENYA","Tel: (020) 2353331 (2/3 %
Fax: (020) 2353334 Mob: +254 735 822333 / 711 435333
TEL: 0735822333 0711435333
Email: info@synergygases.com
Original EMAIL:ygasesmailer@gmail.com",24004564,S1s2178,3500,4060,KES,560,"[{'description': 'industrial oxygen 6.0m3', 'quantity': 5, 'unit_price': 700.0}]","[{'tax_type': 'VAT', 'rate': '16%', 'amount': 560.0}]",,PO51197854M,SYNERGY 100089756.pdf
100089757,07-10-2024,KRAM WOT T202¢ 206039289,SYNERGY GASES (K) LIMITED,P.O. BOX 83225 80100 MOMBASA KENYA,"Tel: (020) 2353331 /2/3, Fax: (020) 2353334, Mob: +254 735 822333 / 711 435333, TEL: 0735822333 0711435333, EMAIL:ygasesmailer@gmail.com",24003928,5182177,6264,,KES,,"[{'description': 'industrial by', 'quantity': 2, 'unit_price': 700.0}, {'description': 'industrial i. ir ae Hh', 'quantity': 4, 'unit_price': 1000.0}, {'description': 'industrial oxygen 6.0m3', 'quantity': 2, 'unit_price': 0}, {'description': 'industrial nitrogen 6.0m3', 'quantity': 5, 'unit_price': 0}]",[],POSL197854M,POSLO92185B,SYNERGY 100089757.pdf
100090197,19-10-2024,KRAMWOl 1202 206089289,SYNERGY GASES (K) LTD,"P.O. Box 83225-80100 Mombasa, Kenya!
Fax: (020) 2353334 Mob: +254 735 822333 / 711 435333","Tel: (020) 2353331 /2/3
Email: info@synergygases.com",24004504,5183012,3500,760,KES,,"[{'description': 'industrial oxygen 6.0m3', 'quantity': 5, 'unit_price': 700}, {'description': 'Dissolved acatyvlene 6,0nm3', 'quantity': 5, 'unit_price': 0}]",[],,POS119785¢M,SYNERGY 100090197.pdf
100090220,22-10-2024,KRAMMAOT 1 202206039289,SYNERGY GASES (K) LIMITED,"P.O. Box 83225-80100 Mombasa, Kenya","Tel: (020) 2353331 /2/3 * Fax: (020) 2353334 Mob: +254 735 822333 / 711 435333
Email: info@synergygases.com Web: www.synergygases.com",24003928,5183060,22000,32480,KES,,"[{'description': 'High Purity Argon 7. oM3', 'quantity': 2, 'unit_price': 14000.0}]",[],,POSLI97854M,SYNERGY 100090220.pdf
